"company","category","size","title","level","city","url","updated"
"Agora","Fintech","m","Junior Sales Ops","Representative","תל אביב","https://www.comeet.com/jobs/agora/08.007/junior-sales-ops/83.A4E?utm_source=techmap&utm_medium=csv&utm_campaign=github&utm_term=apply","2024-10-10"
"Agora","Fintech","m","Sales Development Specialist","Representative","תל אביב","https://www.comeet.com/jobs/agora/08.007/sales-development-specialist/8E.84D?utm_source=techmap&utm_medium=csv&utm_campaign=github&utm_term=apply","2024-10-10"
"Novidea Software","Fintech","l","Salesforce Delivery Implementation Lead","Manager","פרדס חנה-כרכור","https://www.comeet.com/jobs/novidea/E5.00A/salesforce-delivery-implementation-lead/FB.B30?utm_source=techmap&utm_medium=csv&utm_campaign=github&utm_term=apply","2024-10-10"
"Novidea Software","Fintech","l","Salesforce Implementer","Representative","פרדס חנה-כרכור","https://www.comeet.com/jobs/novidea/E5.00A/salesforce-implementer/2F.935?utm_source=techmap&utm_medium=csv&utm_campaign=github&utm_term=apply","2024-10-10"
"Ceragon Networks","Telecommunications","l","Salesforce Applications Manager","Manager","ראש העין","https://www.comeet.com/jobs/Ceragon/D3.003/salesforce-applications-manager/1A.443?utm_source=techmap&utm_medium=csv&utm_campaign=github&utm_term=apply","2024-10-10"
"Novidea Software","Fintech","l","Senior Salesforce Implementer","Representative","פרדס חנה-כרכור","https://www.comeet.com/jobs/novidea/E5.00A/senior-salesforce-implementer/20.C33?utm_source=techmap&utm_medium=csv&utm_campaign=github&utm_term=apply","2024-10-10"
"Atera Networks","Productivity","l","Outbound Account Executive","Representative","תל אביב - יפו","https://www.comeet.com/jobs/atera/63.00B/outbound-account-executive/D2.64A?utm_source=techmap&utm_medium=csv&utm_campaign=github&utm_term=apply","2024-10-10"
"Atera Networks","Productivity","l","SDR (Sales Development Rep.)","Representative","תל אביב - יפו","https://www.comeet.com/jobs/atera/63.00B/sdr-sales-development-rep_/C9.B3B?utm_source=techmap&utm_medium=csv&utm_campaign=github&utm_term=apply","2024-10-10"
"BrandShield","Cybersecurity","m","SDR","Representative","הרצליה","https://www.comeet.com/jobs/brandshield/13.002/sdr/3F.D29?utm_source=techmap&utm_medium=csv&utm_campaign=github&utm_term=apply","2024-10-10"
"SolarEdge Technologies","Sustainable Technology","l","Sales Operations Account Manager","Representative","הרצליה","https://www.comeet.com/jobs/SolarEdge/71.00A/sales-operations-account-manager/75.B4E?utm_source=techmap&utm_medium=csv&utm_campaign=github&utm_term=apply","2024-10-10"
"Coro","Cybersecurity","l","Business Development Representative","Representative","תל אביב","https://www.comeet.com/jobs/coro/08.00A/business-development-representative/FB.94B?utm_source=techmap&utm_medium=csv&utm_campaign=github&utm_term=apply","2024-10-10"
"Coro","Cybersecurity","l","Channel Sales Manager","Manager","תל אביב","https://www.comeet.com/jobs/coro/08.00A/channel-sales-manager/77.A49?utm_source=techmap&utm_medium=csv&utm_campaign=github&utm_term=apply","2024-10-10"
"FullPath","Automotive","l","Salesforce Implementation Manager","Manager","ירושלים","https://www.comeet.com/jobs/fullpath/54.002/salesforce-implementation-manager/79.84A?utm_source=techmap&utm_medium=csv&utm_campaign=github&utm_term=apply","2024-10-10"
"Moon Active","Gaming","l","Account Manager","Representative","תל אביב - יפו","https://www.comeet.com/jobs/moonactive/A2.00C/account-manager/2E.706?utm_source=techmap&utm_medium=csv&utm_campaign=github&utm_term=apply","2024-10-10"
"Moon Active","Gaming","l","Account Manager - German Market","Representative","תל אביב - יפו","https://www.comeet.com/jobs/moonactive/A2.00C/account-manager---german-market/DD.E03?utm_source=techmap&utm_medium=csv&utm_campaign=github&utm_term=apply","2024-10-10"
"Cognyte","Cybersecurity","l","Sales- Account Manager Africa","Representative","הרצליה","https://www.comeet.com/jobs/cognyte/F2.009/sales--account-manager-africa/76.A42?utm_source=techmap&utm_medium=csv&utm_campaign=github&utm_term=apply","2024-10-10"
"Cross River Technologies","Fintech","m","Would LOVE to join Cross River!!","Executive","תל אביב - יפו","https://www.comeet.com/jobs/crossriver/C7.00F/would-love-to-join-cross-river/92.F23?utm_source=techmap&utm_medium=csv&utm_campaign=github&utm_term=apply","2024-10-10"
"Mend","Cybersecurity","l","Account Manager","Representative","כרמיאל","https://il.linkedin.com/jobs/view/account-manager-at-mend-io-4047581725?utm_source=techmap&utm_medium=csv&utm_campaign=github&utm_term=apply","2024-10-10"
"Mobileye","Automotive","l","Autonomous Vehicles Strategic Global Account Manager","Representative","ירושלים","https://il.linkedin.com/jobs/view/autonomous-vehicles-strategic-global-account-manager-at-mobileye-3933784810?utm_source=techmap&utm_medium=csv&utm_campaign=github&utm_term=apply","2024-10-10"
"Pazu Games","Gaming","m","Business Development Manager","Manager","יקנעם עילית","https://il.linkedin.com/jobs/view/business-development-manager-at-pazu-games-4047975790?utm_source=techmap&utm_medium=csv&utm_campaign=github&utm_term=apply","2024-10-10"
"Papaya Global","Productivity","l","Key Account Manager","Representative","הרצליה","https://il.linkedin.com/jobs/view/key-account-manager-at-papaya-global-4045654973?utm_source=techmap&utm_medium=csv&utm_campaign=github&utm_term=apply","2024-10-10"
"Papaya Global","Productivity","l","Enterprise Account Manager","Representative","הרצליה","https://il.linkedin.com/jobs/view/enterprise-account-manager-at-papaya-global-4045661225?utm_source=techmap&utm_medium=csv&utm_campaign=github&utm_term=apply","2024-10-10"
"Check Point Software Technologies","Cybersecurity","l","IGS Sales Manager - Middle East, Africa and IL","Manager","תל אביב - יפו","https://il.linkedin.com/jobs/view/igs-sales-manager-middle-east-africa-and-il-at-check-point-software-4047598675?utm_source=techmap&utm_medium=csv&utm_campaign=github&utm_term=apply","2024-10-10"
"Outbrain","AdTech","l","Salesforce Project Manager","Manager","נתניה","https://il.linkedin.com/jobs/view/salesforce-project-manager-at-outbrain-4045649928?utm_source=techmap&utm_medium=csv&utm_campaign=github&utm_term=apply","2024-10-10"
"Rapyd Financial Network","Fintech","l","Account Manager","Representative","תל אביב - יפו","https://www.comeet.com/jobs/rapyd/73.00E/account-manager/BF.A20?utm_source=techmap&utm_medium=csv&utm_campaign=github&utm_term=apply","2024-10-09"
"mPrest","IoT","m","Head of Sales & Business Development","Executive","פתח תקווה","https://www.comeet.com/jobs/mprest/38.005/head-of-sales--business-development/81.D3B?utm_source=techmap&utm_medium=csv&utm_campaign=github&utm_term=apply","2024-10-09"
"mPrest","IoT","m","Presales Director","Executive","פתח תקווה","https://www.comeet.com/jobs/mprest/38.005/presales-director/FB.645?utm_source=techmap&utm_medium=csv&utm_campaign=github&utm_term=apply","2024-10-09"
"DealHub","Productivity","l","Presales Engineer","Representative","חולון","https://www.comeet.com/jobs/dealhub/86.005/presales-engineer/BB.A41?utm_source=techmap&utm_medium=csv&utm_campaign=github&utm_term=apply","2024-10-09"
"Guesty","E-commerce & Retail","l","Sales Development Representative (Outbound)","Representative","תל אביב - יפו","https://www.comeet.com/jobs/guesty/10.000/sales-development-representative-outbound/79.748?utm_source=techmap&utm_medium=csv&utm_campaign=github&utm_term=apply","2024-10-09"
"WSC Sports Technologies","Digital Media","l","Salesforce Implementer","Representative","רמת גן","https://www.comeet.com/jobs/wsc-sports/93.007/salesforce-implementer/F7.A4D?utm_source=techmap&utm_medium=csv&utm_campaign=github&utm_term=apply","2024-10-09"
"WSC Sports Technologies","Digital Media","l","Technical Account Manager","Representative","רמת גן","https://www.comeet.com/jobs/wsc-sports/93.007/technical-account-manager/81.54D?utm_source=techmap&utm_medium=csv&utm_campaign=github&utm_term=apply","2024-10-09"
"Jifiti","E-commerce & Retail","m","Business Development Manager","Manager","מודיעין-מכבים-רעות","https://www.comeet.com/jobs/jifiti/47.005/business-development-manager/C6.94E?utm_source=techmap&utm_medium=csv&utm_campaign=github&utm_term=apply","2024-10-09"
"Cognyte","Cybersecurity","l","Regional Sales Manager- Russian language","Manager","הרצליה","https://www.comeet.com/jobs/cognyte/F2.009/regional-sales-manager--russian-language/C2.A40?utm_source=techmap&utm_medium=csv&utm_campaign=github&utm_term=apply","2024-10-09"
"Nuvei","Fintech","xl","Business Development Manager","Manager","תל אביב - יפו","https://il.linkedin.com/jobs/view/business-development-manager-at-nuvei-3927750041?utm_source=techmap&utm_medium=csv&utm_campaign=github&utm_term=apply","2024-10-09"
"MyHeritage","Digital Media","l","Senior Paid Search Account Manager","Representative","אור יהודה","https://il.linkedin.com/jobs/view/senior-paid-search-account-manager-at-myheritage-4044069072?utm_source=techmap&utm_medium=csv&utm_campaign=github&utm_term=apply","2024-10-09"
"PayMe","Fintech","m","Sales Development Specialist","Representative","תל אביב - יפו","https://il.linkedin.com/jobs/view/sales-development-specialist-at-payme-4043789389?utm_source=techmap&utm_medium=csv&utm_campaign=github&utm_term=apply","2024-10-09"
"Air Doctor","Health","m","Sales Development Representative","Representative","בית נקופה","https://il.linkedin.com/jobs/view/sales-development-representative-at-air-doctor-4041586907?utm_source=techmap&utm_medium=csv&utm_campaign=github&utm_term=apply","2024-10-09"
"Agamon","Health","s","Enterprise Account Manager","Representative","כפר גלעדי","https://il.linkedin.com/jobs/view/enterprise-account-manager-at-agamon-health-4044001217?utm_source=techmap&utm_medium=csv&utm_campaign=github&utm_term=apply","2024-10-09"
"Cornerstone OnDemand","Productivity","xl","Business Development Representative","Representative","תל אביב - יפו","https://il.linkedin.com/jobs/view/business-development-representative-at-cornerstone-ondemand-4046669992?utm_source=techmap&utm_medium=csv&utm_campaign=github&utm_term=apply","2024-10-09"
"TytoCare","Health","l","Distribution Sales Manager","Manager","נתניה","https://il.linkedin.com/jobs/view/distribution-sales-manager-at-tytocare-4046622346?utm_source=techmap&utm_medium=csv&utm_campaign=github&utm_term=apply","2024-10-09"
"Papaya","Digital Media","l","VIP Account Manager","Representative","תל אביב - יפו","https://il.linkedin.com/jobs/view/vip-account-manager-at-papaya-4038196195?utm_source=techmap&utm_medium=csv&utm_campaign=github&utm_term=apply","2024-10-09"
"Rapyd Financial Network","Fintech","l","Sales Director","Executive","תל אביב - יפו","https://www.comeet.com/jobs/rapyd/73.00E/sales-director/CB.84B?utm_source=techmap&utm_medium=csv&utm_campaign=github&utm_term=apply","2024-10-08"
"eToro","Fintech","l","Danish Account Manager","Representative","בני ברק","https://www.comeet.com/jobs/etoro/41.009/danish-account-manager/4B.944?utm_source=techmap&utm_medium=csv&utm_campaign=github&utm_term=apply","2024-10-08"
"Okoora","Fintech","s","Business Development Manager","Manager","בני ברק","https://www.comeet.com/jobs/okoora/85.00C/business-development-manager/08.A49?utm_source=techmap&utm_medium=csv&utm_campaign=github&utm_term=apply","2024-10-08"
"Rafael Advanced Defense Systems","Aerospace","l","Business Development Manager","Manager","חיפה","https://il.linkedin.com/jobs/view/business-development-manager-at-rafael-advanced-defense-systems-4022752921?utm_source=techmap&utm_medium=csv&utm_campaign=github&utm_term=apply","2024-10-08"
"Kornit Digital","Digital Media","l","Salesforce Business Application Analyst","Representative","ראש העין","https://il.linkedin.com/jobs/view/salesforce-business-application-analyst-at-kornit-digital-4042686633?utm_source=techmap&utm_medium=csv&utm_campaign=github&utm_term=apply","2024-10-08"
"Continuity","Cybersecurity","m","Junior Sales Development Representative","Representative","תל אביב - יפו","https://il.linkedin.com/jobs/view/junior-sales-development-representative-at-continuity-4037791332?utm_source=techmap&utm_medium=csv&utm_campaign=github&utm_term=apply","2024-10-08"
"GK8","Fintech","m","Director of Sales -  Middle East and Africa","Executive","רמת גן","https://il.linkedin.com/jobs/view/director-of-sales-middle-east-and-africa-at-gk8-by-galaxy-3894056308?utm_source=techmap&utm_medium=csv&utm_campaign=github&utm_term=apply","2024-10-07"
"Medtronic","Health","l","Sales Representative Surgical Innovations","Representative","הרצליה","https://il.linkedin.com/jobs/view/sales-representative-surgical-innovations-at-medtronic-4044733119?utm_source=techmap&utm_medium=csv&utm_campaign=github&utm_term=apply","2024-10-07"
"Paragon","Cybersecurity","l","Account Manager","Representative","אבן יהודה","https://il.linkedin.com/jobs/view/account-manager-at-paragon-4044734211?utm_source=techmap&utm_medium=csv&utm_campaign=github&utm_term=apply","2024-10-07"
"GK8","Fintech","m","Presales Engineer","Representative","רמת גן","https://il.linkedin.com/jobs/view/presales-engineer-at-gk8-by-galaxy-4042569787?utm_source=techmap&utm_medium=csv&utm_campaign=github&utm_term=apply","2024-10-07"
"Radware","Cybersecurity","l","Sales Enablement Student","Student","תל אביב - יפו","https://il.linkedin.com/jobs/view/sales-enablement-student-at-radware-4027026778?utm_source=techmap&utm_medium=csv&utm_campaign=github&utm_term=apply","2024-10-07"
"SodaStream","E-commerce & Retail","l","נציג/ת שירות לקוחות","Representative","כפר סבא","https://www.comeet.com/jobs/sodastream/40.008/--/4D.04F?utm_source=techmap&utm_medium=csv&utm_campaign=github&utm_term=apply","2024-10-06"
"XTEND","Aerospace","m","Business Development Manager","Manager","רחובות","https://www.comeet.com/jobs/xtend/85.00A/business-development-manager/8E.943?utm_source=techmap&utm_medium=csv&utm_campaign=github&utm_term=apply","2024-10-06"
"Workiz","Productivity","m","Business Development Representative","Representative","תל אביב - יפו","https://il.linkedin.com/jobs/view/business-development-representative-at-workiz-4044168683?utm_source=techmap&utm_medium=csv&utm_campaign=github&utm_term=apply","2024-10-06"
"Air Doctor","Health","m","Account Manager","Representative","בית נקופה","https://il.linkedin.com/jobs/view/account-manager-at-air-doctor-4041586676?utm_source=techmap&utm_medium=csv&utm_campaign=github&utm_term=apply","2024-10-06"
"CommBox","Telecommunications","m","Sales Development Representative","Representative","גליל ים","https://il.linkedin.com/jobs/view/sales-development-representative-at-commbox-4044161677?utm_source=techmap&utm_medium=csv&utm_campaign=github&utm_term=apply","2024-10-06"
"Wing Security","Cybersecurity","s","Sales Development Representative","Representative","תל אביב - יפו","https://il.linkedin.com/jobs/view/sales-development-representative-at-wing-security-4041674553?utm_source=techmap&utm_medium=csv&utm_campaign=github&utm_term=apply","2024-10-06"
"Cato Networks","Cybersecurity","l","Sales Development Representative - Nordics","Representative","תל אביב - יפו","https://il.linkedin.com/jobs/view/sales-development-representative-nordics-at-cato-networks-3953539135?utm_source=techmap&utm_medium=csv&utm_campaign=github&utm_term=apply","2024-10-06"
"BrandShield","Cybersecurity","m","Sales Development Representative","Representative","הרצליה","https://il.linkedin.com/jobs/view/sales-development-representative-at-brandshield-4044144923?utm_source=techmap&utm_medium=csv&utm_campaign=github&utm_term=apply","2024-10-06"
"Riverside.fm","AI/ML","l","Account Executive- SMB EU Market","Representative","תל אביב - יפו","https://il.linkedin.com/jobs/view/account-executive-smb-eu-market-at-riverside-fm-3999067658?utm_source=techmap&utm_medium=csv&utm_campaign=github&utm_term=apply","2024-10-06"
"Sisense","Productivity","l","Senior Account Executive","Representative","רמת גן","https://il.linkedin.com/jobs/view/senior-account-executive-at-sisense-4041589341?utm_source=techmap&utm_medium=csv&utm_campaign=github&utm_term=apply","2024-10-06"
"Sisense","Productivity","l","Technical Account Manager","Representative","רמת גן","https://il.linkedin.com/jobs/view/technical-account-manager-at-sisense-4041585733?utm_source=techmap&utm_medium=csv&utm_campaign=github&utm_term=apply","2024-10-06"
"MSD","Health","xl","Customer and Account Manager - Oncology","Representative","נתניה","https://il.linkedin.com/jobs/view/customer-and-account-manager-oncology-at-msd-4044464625?utm_source=techmap&utm_medium=csv&utm_campaign=github&utm_term=apply","2024-10-06"
"SolarEdge Technologies","Sustainable Technology","l","Account Manager","Representative","הרצליה","https://il.linkedin.com/jobs/view/account-manager-at-solaredge-technologies-4042016327?utm_source=techmap&utm_medium=csv&utm_campaign=github&utm_term=apply","2024-10-06"
"Neema","Fintech","m","Account Manager- Israeli Market","Representative","תל אביב - יפו","https://il.linkedin.com/jobs/view/account-manager-israeli-market-at-neema-better-than-a-bank-4044153069?utm_source=techmap&utm_medium=csv&utm_campaign=github&utm_term=apply","2024-10-06"
"Semperis","Cybersecurity","l","Business Development Representative- Nordics","Representative","רמת גן","https://il.linkedin.com/jobs/view/business-development-representative-nordics-at-semperis-4026101934?utm_source=techmap&utm_medium=csv&utm_campaign=github&utm_term=apply","2024-10-05"
"Bizzabo","Productivity","m","Enterprise Account Executive","Representative","תל אביב - יפו","https://il.linkedin.com/jobs/view/enterprise-account-executive-at-bizzabo-4039513277?utm_source=techmap&utm_medium=csv&utm_campaign=github&utm_term=apply","2024-10-03"
"Snap","Digital Media","xl","Senior Account Manager - Russian/Ukranian Speaker","Representative","תל אביב - יפו","https://il.linkedin.com/jobs/view/senior-account-manager-russian-ukranian-speaker-at-snap-inc-4023497384?utm_source=techmap&utm_medium=csv&utm_campaign=github&utm_term=apply","2024-10-03"
"PTC","Productivity","xl","Senior Account Executive","Representative","חיפה","https://il.linkedin.com/jobs/view/senior-account-executive-at-ptc-3970379367?utm_source=techmap&utm_medium=csv&utm_campaign=github&utm_term=apply","2024-10-02"
"SalesForce","AI/ML","l","Prime Named Account Executive Israel - MuleSoft","Representative","תל אביב - יפו","https://il.linkedin.com/jobs/view/prime-named-account-executive-israel-mulesoft-at-salesforce-4040687512?utm_source=techmap&utm_medium=csv&utm_campaign=github&utm_term=apply","2024-10-02"
"HAAT Delivery","E-commerce & Retail","m","Account Manager","Representative","חיפה","https://il.linkedin.com/jobs/view/account-manager-at-haat-delivery-4039074422?utm_source=techmap&utm_medium=csv&utm_campaign=github&utm_term=apply","2024-10-02"
"Check Point Software Technologies","Cybersecurity","l","Sales Engineer - Israel","Representative","תל אביב - יפו","https://il.linkedin.com/jobs/view/sales-engineer-israel-at-check-point-software-4016063090?utm_source=techmap&utm_medium=csv&utm_campaign=github&utm_term=apply","2024-10-02"
"Cynet","Cybersecurity","l","Business Development Director","Executive","תל אביב - יפו","https://www.comeet.com/jobs/cynet/33.00D/business-development-director/BA.849?utm_source=techmap&utm_medium=csv&utm_campaign=github&utm_term=apply","2024-10-01"
"Cynet","Cybersecurity","l","Sales Engineer Israel","Representative","תל אביב - יפו","https://www.comeet.com/jobs/cynet/33.00D/sales-engineer-israel/79.34F?utm_source=techmap&utm_medium=csv&utm_campaign=github&utm_term=apply","2024-10-01"
"Silverfort","Cybersecurity","l","Sales Operations Specialist","Representative","תל אביב - יפו","https://www.comeet.com/jobs/silverfort/54.007/sales-operations-specialist/6D.A44?utm_source=techmap&utm_medium=csv&utm_campaign=github&utm_term=apply","2024-10-01"
"Rivery Technologies","Cloud Computing","m","Sales Development Representative (SDR)","Representative","רמת גן","https://il.linkedin.com/jobs/view/sales-development-representative-sdr-at-rivery-4039686273?utm_source=techmap&utm_medium=csv&utm_campaign=github&utm_term=apply","2024-10-01"
"Cynet","Cybersecurity","l","Director of Business Development","Executive","תל אביב - יפו","https://il.linkedin.com/jobs/view/director-of-business-development-at-cynet-security-4037195849?utm_source=techmap&utm_medium=csv&utm_campaign=github&utm_term=apply","2024-10-01"
"Linnovate","Productivity","s","Vice President of Sales","Representative","בני ברק","https://il.linkedin.com/jobs/view/vice-president-of-sales-at-linnovate-technologies-4037764355?utm_source=techmap&utm_medium=csv&utm_campaign=github&utm_term=apply","2024-10-01"
"Panaya","AI/ML","l","Sales Development Representative - German Speaker","Representative","הוד השרון","https://www.comeet.com/jobs/panaya/61.00C/sales-development-representative---german-speaker/22.B4A?utm_source=techmap&utm_medium=csv&utm_campaign=github&utm_term=apply","2024-09-30"
"Panaya","AI/ML","l","Sales Operations Specialist","Representative","הוד השרון","https://www.comeet.com/jobs/panaya/61.00C/sales-operations-specialist/7B.A4D?utm_source=techmap&utm_medium=csv&utm_campaign=github&utm_term=apply","2024-09-30"
"SolarEdge Technologies","Sustainable Technology","l","Sales Forecast Analyst","Representative","הרצליה","https://www.comeet.com/jobs/SolarEdge/71.00A/sales-forecast-analyst/AA.A44?utm_source=techmap&utm_medium=csv&utm_campaign=github&utm_term=apply","2024-09-30"
"Silverfort","Cybersecurity","l","SDR Manager - EMEA","Manager","תל אביב - יפו","https://www.comeet.com/jobs/silverfort/54.007/sdr-manager---emea/9D.949?utm_source=techmap&utm_medium=csv&utm_campaign=github&utm_term=apply","2024-09-30"
"Artlist","Digital Media","l","Agency Account Manager","Representative","תל אביב - יפו","https://il.linkedin.com/jobs/view/agency-account-manager-at-artlist-4038920989?utm_source=techmap&utm_medium=csv&utm_campaign=github&utm_term=apply","2024-09-30"
"Sentra","Cybersecurity","m","Sales Development Representative","Representative","תל אביב - יפו","https://il.linkedin.com/jobs/view/sales-development-representative-at-sentra-4038926036?utm_source=techmap&utm_medium=csv&utm_campaign=github&utm_term=apply","2024-09-30"
"Microsoft","Productivity","l","Consulting Account Executive","Representative","הרצליה","https://il.linkedin.com/jobs/view/consulting-account-executive-at-microsoft-4038797042?utm_source=techmap&utm_medium=csv&utm_campaign=github&utm_term=apply","2024-09-30"
"CONTROP Precision Technologies","Aerospace","l","Business Development Manager","Manager","הוד השרון","https://il.linkedin.com/jobs/view/business-development-manager-at-controp-precision-technologies-ltd-4014913309?utm_source=techmap&utm_medium=csv&utm_campaign=github&utm_term=apply","2024-09-30"
"SafeBreach","Cybersecurity","m","Regional Sales Director","Manager","תל אביב - יפו","https://il.linkedin.com/jobs/view/regional-sales-director-at-safebreach-4036961840?utm_source=techmap&utm_medium=csv&utm_campaign=github&utm_term=apply","2024-09-30"
"Semperis","Cybersecurity","l","Business Development Representative- Spanish Speaker","Representative","רמת גן","https://il.linkedin.com/jobs/view/business-development-representative-spanish-speaker-at-semperis-4038938436?utm_source=techmap&utm_medium=csv&utm_campaign=github&utm_term=apply","2024-09-30"
"monday.com","Productivity","l","Account Executive - Mid Market - French Fluency","Representative","תל אביב - יפו","https://il.linkedin.com/jobs/view/account-executive-mid-market-french-fluency-at-monday-com-4038768894?utm_source=techmap&utm_medium=csv&utm_campaign=github&utm_term=apply","2024-09-30"
"Cato Networks","Cybersecurity","l","Sales Development Representative","Representative","תל אביב - יפו","https://il.linkedin.com/jobs/view/sales-development-representative-at-cato-networks-3567596728?utm_source=techmap&utm_medium=csv&utm_campaign=github&utm_term=apply","2024-09-29"
"NextVision Stabilized Systems","Aerospace","s","Technical Support Specialist (Pre and Post Sales)","Representative","רעננה","https://il.linkedin.com/jobs/view/technical-support-specialist-pre-and-post-sales-at-nextvision-stabilized-systems-ltd-4036179353?utm_source=techmap&utm_medium=csv&utm_campaign=github&utm_term=apply","2024-09-29"
"Palo Alto Networks","Cybersecurity","xl","Account Executive Private Enterprise - Israel","Representative","תל אביב - יפו","https://il.linkedin.com/jobs/view/account-executive-private-enterprise-israel-at-palo-alto-networks-4038424380?utm_source=techmap&utm_medium=csv&utm_campaign=github&utm_term=apply","2024-09-29"
"Pango","Automotive","m","Business Development and Partnerships Manager","Manager","פתח תקווה","https://il.linkedin.com/jobs/view/business-development-and-partnerships-manager-at-pango-4036178164?utm_source=techmap&utm_medium=csv&utm_campaign=github&utm_term=apply","2024-09-29"
"Pango","Automotive","m","B2B Sales Manager","Manager","פתח תקווה","https://il.linkedin.com/jobs/view/b2b-sales-manager-at-pango-4036173920?utm_source=techmap&utm_medium=csv&utm_campaign=github&utm_term=apply","2024-09-29"
"monday.com","Productivity","l","Account Executive Overlay","Representative","תל אביב - יפו","https://il.linkedin.com/jobs/view/account-executive-overlay-at-monday-com-4038112414?utm_source=techmap&utm_medium=csv&utm_campaign=github&utm_term=apply","2024-09-29"
"Check Point Software Technologies","Cybersecurity","l","Renewal Territory Account Manager- English Speaker","Representative","תל אביב - יפו","https://il.linkedin.com/jobs/view/renewal-territory-account-manager-english-speaker-at-check-point-software-4037858750?utm_source=techmap&utm_medium=csv&utm_campaign=github&utm_term=apply","2024-09-29"
"Nuvei","Fintech","xl","Salesforce Automation Developer","Representative","תל אביב - יפו","https://il.linkedin.com/jobs/view/salesforce-automation-developer-at-nuvei-4037887725?utm_source=techmap&utm_medium=csv&utm_campaign=github&utm_term=apply","2024-09-29"
"Oracle","Cloud Computing","l","Inside Sales Development Representative","Representative","פתח תקווה","https://il.linkedin.com/jobs/view/inside-sales-development-representative-at-oracle-4002346983?utm_source=techmap&utm_medium=csv&utm_campaign=github&utm_term=apply","2024-09-28"
"Takeda","Health","s","Key Account Manager Gastroentology","Representative","פתח תקווה","https://il.linkedin.com/jobs/view/key-account-manager-gastroentology-at-takeda-3966137720?utm_source=techmap&utm_medium=csv&utm_campaign=github&utm_term=apply","2024-09-28"
"NICE","Cybersecurity","l","Channels and Partners Business Development Director","Executive","רעננה","https://il.linkedin.com/jobs/view/channels-and-partners-business-development-director-at-nice-3966557371?utm_source=techmap&utm_medium=csv&utm_campaign=github&utm_term=apply","2024-09-28"
"NetApp","Cloud Computing","m","Support Account Manager","Representative","תל אביב - יפו","https://il.linkedin.com/jobs/view/support-account-manager-at-netapp-4018409467?utm_source=techmap&utm_medium=csv&utm_campaign=github&utm_term=apply","2024-09-28"
"Elbit Systems","Aerospace","l","הנדסאי.ת שירות לקוחות","Representative","חיפה","https://il.linkedin.com/jobs/view/%D7%94%D7%A0%D7%93%D7%A1%D7%90%D7%99-%D7%AA-%D7%A9%D7%99%D7%A8%D7%95%D7%AA-%D7%9C%D7%A7%D7%95%D7%97%D7%95%D7%AA-at-elbit-systems-israel-3967951948?utm_source=techmap&utm_medium=csv&utm_campaign=github&utm_term=apply","2024-09-28"
"SalesForce","AI/ML","l","Account Executive, Public Sector","Representative","תל אביב - יפו","https://il.linkedin.com/jobs/view/account-executive-public-sector-at-salesforce-4018706751?utm_source=techmap&utm_medium=csv&utm_campaign=github&utm_term=apply","2024-09-27"
"Western Digital","Semiconductors","l","Senior Microsoft 365 Collaboration Architect","Executive","כפר סבא","https://il.linkedin.com/jobs/view/senior-microsoft-365-collaboration-architect-at-western-digital-4001703017?utm_source=techmap&utm_medium=csv&utm_campaign=github&utm_term=apply","2024-09-27"
"Wenrix","AI/ML","m","Enterprise Account Executive","Representative","מודיעין-מכבים-רעות","https://il.linkedin.com/jobs/view/enterprise-account-executive-at-wenrix-4033245737?utm_source=techmap&utm_medium=csv&utm_campaign=github&utm_term=apply","2024-09-26"
"Profisea Labs","Productivity","s","Technical Account Manager","Representative","הוד השרון","https://il.linkedin.com/jobs/view/technical-account-manager-at-profisea-4033856712?utm_source=techmap&utm_medium=csv&utm_campaign=github&utm_term=apply","2024-09-26"
"Connecteam","Productivity","l","Account Executive","Representative","ראשון לציון","https://il.linkedin.com/jobs/view/account-executive-at-connecteam-4034016702?utm_source=techmap&utm_medium=csv&utm_campaign=github&utm_term=apply","2024-09-26"
"Oracle","Cloud Computing","l","Cloud Native Pre- Sales Manager","Manager","פתח תקווה","https://il.linkedin.com/jobs/view/cloud-native-pre-sales-manager-at-oracle-3964430723?utm_source=techmap&utm_medium=csv&utm_campaign=github&utm_term=apply","2024-09-26"
"Oracle","Cloud Computing","l","Oracle Cloud Pre- Sales","Representative","פתח תקווה","https://il.linkedin.com/jobs/view/oracle-cloud-pre-sales-at-oracle-3962976427?utm_source=techmap&utm_medium=csv&utm_campaign=github&utm_term=apply","2024-09-26"
"Nanomotion","Robotics & Automation","m","Sales Engineer (Israel) - Junior Position","Representative","יקנעם עילית","https://il.linkedin.com/jobs/view/sales-engineer-israel-junior-position-at-nanomotion-4032282711?utm_source=techmap&utm_medium=csv&utm_campaign=github&utm_term=apply","2024-09-25"
"Nuvei","Fintech","xl","Junior Business Development Manager","Manager","תל אביב - יפו","https://il.linkedin.com/jobs/view/junior-business-development-manager-at-nuvei-4034825125?utm_source=techmap&utm_medium=csv&utm_campaign=github&utm_term=apply","2024-09-25"
"mPrest","IoT","m","Head of Sales & Business Development-Defense","Executive","פתח תקווה","https://il.linkedin.com/jobs/view/head-of-sales-business-development-defense-at-mprest-4033016199?utm_source=techmap&utm_medium=csv&utm_campaign=github&utm_term=apply","2024-09-25"
"Unleash Labs","Productivity","s","SDR","Representative","תל אביב - יפו","https://il.linkedin.com/jobs/view/sdr-at-unleash-4033411433?utm_source=techmap&utm_medium=csv&utm_campaign=github&utm_term=apply","2024-09-25"
"Applause","Productivity","l","Strategic Account Executive (m/f/x)","Representative","תל אביב - יפו","https://il.linkedin.com/jobs/view/strategic-account-executive-m-f-x-at-applause-3981002133?utm_source=techmap&utm_medium=csv&utm_campaign=github&utm_term=apply","2024-09-25"
"Check Point Software Technologies","Cybersecurity","l","Sales Enablement Specialist","Representative","תל אביב - יפו","https://il.linkedin.com/jobs/view/sales-enablement-specialist-at-check-point-software-4009384200?utm_source=techmap&utm_medium=csv&utm_campaign=github&utm_term=apply","2024-09-25"
"Cynet","Cybersecurity","l","Sales Engineer","Representative","תל אביב - יפו","https://il.linkedin.com/jobs/view/sales-engineer-at-cynet-security-4031990474?utm_source=techmap&utm_medium=csv&utm_campaign=github&utm_term=apply","2024-09-24"
"YouAppi","AdTech","m","Senior Business Development Manager","Manager","רעננה","https://il.linkedin.com/jobs/view/senior-business-development-manager-at-youappi-mobile-app-retargeting-4034231951?utm_source=techmap&utm_medium=csv&utm_campaign=github&utm_term=apply","2024-09-24"
"monday.com","Productivity","l","Account Manager Mid-Market - Israel Market","Representative","תל אביב - יפו","https://il.linkedin.com/jobs/view/account-manager-mid-market-israel-market-at-monday-com-3941166077?utm_source=techmap&utm_medium=csv&utm_campaign=github&utm_term=apply","2024-09-24"
"AppsFlyer","AdTech","l","Account Executive- Spanish Speaker","Representative","הרצליה","https://il.linkedin.com/jobs/view/account-executive-spanish-speaker-at-appsflyer-3915782539?utm_source=techmap&utm_medium=csv&utm_campaign=github&utm_term=apply","2024-09-24"
"Wolt","E-commerce & Retail","xl","ראש צוות מוקד שירות לקוחות - תל אביב","Manager","תל אביב - יפו","https://il.linkedin.com/jobs/view/%D7%A8%D7%90%D7%A9-%D7%A6%D7%95%D7%95%D7%AA-%D7%9E%D7%95%D7%A7%D7%93-%D7%A9%D7%99%D7%A8%D7%95%D7%AA-%D7%9C%D7%A7%D7%95%D7%97%D7%95%D7%AA-%D7%AA%D7%9C-%D7%90%D7%91%D7%99%D7%91-at-wolt-4034338437?utm_source=techmap&utm_medium=csv&utm_campaign=github&utm_term=apply","2024-09-24"
"Check Point Software Technologies","Cybersecurity","l","Partner Sales Manager - Israel","Manager","תל אביב - יפו","https://il.linkedin.com/jobs/view/partner-sales-manager-israel-at-check-point-software-4016061200?utm_source=techmap&utm_medium=csv&utm_campaign=github&utm_term=apply","2024-09-24"
"Orpak Systems","E-commerce & Retail","l","Sales Operations and Export  Coordinator","Representative","יקום","https://www.comeet.com/jobs/Orpak/65.001/sales-operations-and-export--coordinator/29.A44?utm_source=techmap&utm_medium=csv&utm_campaign=github&utm_term=apply","2024-09-23"
"LiveU","Telecommunications","l","Order Management Team Leader","Manager","כפר סבא","https://www.comeet.com/jobs/liveu/90.00C/order-management-team-leader/27.544?utm_source=techmap&utm_medium=csv&utm_campaign=github&utm_term=apply","2024-09-23"
"Johnson & Johnson","Health","xl","Sales representative - North Israel - Surgery","Representative","שפיים","https://il.linkedin.com/jobs/view/sales-representative-north-israel-surgery-at-johnson-johnson-4030584771?utm_source=techmap&utm_medium=csv&utm_campaign=github&utm_term=apply","2024-09-23"
"AU10TIX","Cybersecurity","m","Sales Development Representative","Representative","הוד השרון","https://il.linkedin.com/jobs/view/sales-development-representative-at-au10tix-4030583388?utm_source=techmap&utm_medium=csv&utm_campaign=github&utm_term=apply","2024-09-23"
"Medtronic","Health","l","Sales and Technical Support Representative diabetes unit","Representative","הרצליה","https://il.linkedin.com/jobs/view/sales-and-technical-support-representative-diabetes-unit-at-medtronic-4032742004?utm_source=techmap&utm_medium=csv&utm_campaign=github&utm_term=apply","2024-09-23"
"SalesForce","AI/ML","l","Prime Named Account Executive - High Tech","Representative","תל אביב - יפו","https://il.linkedin.com/jobs/view/prime-named-account-executive-high-tech-at-salesforce-4032449577?utm_source=techmap&utm_medium=csv&utm_campaign=github&utm_term=apply","2024-09-22"
"Webz.io","AI/ML","m","Sales Development Representative","Representative","בני ברק","https://il.linkedin.com/jobs/view/sales-development-representative-at-webz-io-4030500834?utm_source=techmap&utm_medium=csv&utm_campaign=github&utm_term=apply","2024-09-22"
"Johnson & Johnson","Health","xl","Medical Device Sales Representative","Representative","שפיים","https://il.linkedin.com/jobs/view/medical-device-sales-representative-at-johnson-johnson-3880083657?utm_source=techmap&utm_medium=csv&utm_campaign=github&utm_term=apply","2024-09-21"
"monday.com","Productivity","l","SMB Account Executive - Israel Market","Representative","תל אביב - יפו","https://il.linkedin.com/jobs/view/smb-account-executive-israel-market-at-monday-com-3942737993?utm_source=techmap&utm_medium=csv&utm_campaign=github&utm_term=apply","2024-09-21"
"Palo Alto Networks","Cybersecurity","xl","Account Executive Cortex Public Sector - Israel","Representative","תל אביב - יפו","https://il.linkedin.com/jobs/view/account-executive-cortex-public-sector-israel-at-palo-alto-networks-4012643080?utm_source=techmap&utm_medium=csv&utm_campaign=github&utm_term=apply","2024-09-20"
"Riskified","Fintech","l","Account Executive- French Speaker","Representative","תל אביב - יפו","https://il.linkedin.com/jobs/view/account-executive-french-speaker-at-riskified-3995920152?utm_source=techmap&utm_medium=csv&utm_campaign=github&utm_term=apply","2024-09-20"
"Solitics","AdTech","s","Sales Executive","Executive","תל אביב - יפו","https://il.linkedin.com/jobs/view/sales-executive-at-solitics-4029509060?utm_source=techmap&utm_medium=csv&utm_campaign=github&utm_term=apply","2024-09-20"
"Cymbio","E-commerce & Retail","m","Enterprise Account Executive","Representative","תל אביב - יפו","https://il.linkedin.com/jobs/view/enterprise-account-executive-at-cymbio-4029943482?utm_source=techmap&utm_medium=csv&utm_campaign=github&utm_term=apply","2024-09-19"
"Profisea Labs","Productivity","s","Junior Business Development Representative","Representative","הוד השרון","https://il.linkedin.com/jobs/view/junior-business-development-representative-at-profisea-4027891157?utm_source=techmap&utm_medium=csv&utm_campaign=github&utm_term=apply","2024-09-19"
"Profisea Labs","Productivity","s","Junior Business Development Representative (Student Position)","Student","הוד השרון","https://il.linkedin.com/jobs/view/junior-business-development-representative-student-position-at-profisea-4027890335?utm_source=techmap&utm_medium=csv&utm_campaign=github&utm_term=apply","2024-09-19"
"Quicklizard","E-commerce & Retail","m","Sales Development Representative","Representative","פתח תקווה","https://il.linkedin.com/jobs/view/sales-development-representative-at-quicklizard-tase-qlrd-4028010256?utm_source=techmap&utm_medium=csv&utm_campaign=github&utm_term=apply","2024-09-19"
"monday.com","Productivity","l","Experienced Salesforce Developer","Representative","תל אביב - יפו","https://il.linkedin.com/jobs/view/experienced-salesforce-developer-at-monday-com-3978437434?utm_source=techmap&utm_medium=csv&utm_campaign=github&utm_term=apply","2024-09-19"
"Microsoft","Productivity","l","Principal Security Research Manager - Microsoft Defender For Endpoint","Executive","הרצליה","https://il.linkedin.com/jobs/view/principal-security-research-manager-microsoft-defender-for-endpoint-at-microsoft-4029684024?utm_source=techmap&utm_medium=csv&utm_campaign=github&utm_term=apply","2024-09-19"
"Tymely","AI/ML","s","Sales Development Representative (SDR)","Representative","רמת גן","https://il.linkedin.com/jobs/view/sales-development-representative-sdr-at-tymely-4027957387?utm_source=techmap&utm_medium=csv&utm_campaign=github&utm_term=apply","2024-09-17"
"CollPlant","Health","m","Sales Development Representative","Representative","רחובות","https://il.linkedin.com/jobs/view/sales-development-representative-at-collplant-4026201607?utm_source=techmap&utm_medium=csv&utm_campaign=github&utm_term=apply","2024-09-17"
"Check Point Software Technologies","Cybersecurity","l","Renewal Territory Account Manager","Representative","תל אביב - יפו","https://il.linkedin.com/jobs/view/renewal-territory-account-manager-at-check-point-software-4028792223?utm_source=techmap&utm_medium=csv&utm_campaign=github&utm_term=apply","2024-09-17"
"SolarEdge Technologies","Sustainable Technology","l","Sales Demand Planner","Representative","הרצליה","https://www.comeet.com/jobs/SolarEdge/71.00A/sales-demand-planner/28.A4A?utm_source=techmap&utm_medium=csv&utm_campaign=github&utm_term=apply","2024-09-16"
"Abbott","Health","m","Adult Nutrition Medical Sales Representative","Representative","תל אביב - יפו","https://il.linkedin.com/jobs/view/adult-nutrition-medical-sales-representative-at-abbott-4024701475?utm_source=techmap&utm_medium=csv&utm_campaign=github&utm_term=apply","2024-09-16"
"MazeBolt","Cybersecurity","s","Technical Account Manager","Representative","רמת גן","https://il.linkedin.com/jobs/view/technical-account-manager-at-mazebolt-4027625206?utm_source=techmap&utm_medium=csv&utm_campaign=github&utm_term=apply","2024-09-16"
"Easy","E-commerce & Retail","m","Salesperson","Representative","קריית ים","https://il.linkedin.com/jobs/view/salesperson-at-easy-4025528814?utm_source=techmap&utm_medium=csv&utm_campaign=github&utm_term=apply","2024-09-16"
"Comda","Cybersecurity","m","International Sales Manager","Manager","תל אביב - יפו","https://il.linkedin.com/jobs/view/international-sales-manager-at-comda-4024815080?utm_source=techmap&utm_medium=csv&utm_campaign=github&utm_term=apply","2024-09-15"
"Keysight","Semiconductors","xl","Sales Account Manager","Representative","רעננה","https://il.linkedin.com/jobs/view/sales-account-manager-at-keysight-technologies-4026861609?utm_source=techmap&utm_medium=csv&utm_campaign=github&utm_term=apply","2024-09-15"
"MyHeritage","Digital Media","l","Call Center Sales Representative -Retention","Representative","אור יהודה","https://il.linkedin.com/jobs/view/call-center-sales-representative-retention-at-myheritage-4024465380?utm_source=techmap&utm_medium=csv&utm_campaign=github&utm_term=apply","2024-09-12"
"Cognyte","Cybersecurity","l","Sales Manager -Africa","Manager","הרצליה","https://il.linkedin.com/jobs/view/sales-manager-africa-at-cognyte-4024303824?utm_source=techmap&utm_medium=csv&utm_campaign=github&utm_term=apply","2024-09-12"
"Riverside.fm","AI/ML","l","Account Executive","Representative","תל אביב - יפו","https://www.comeet.com/jobs/riverside-fm/66.009/account-executive/DE.749?utm_source=techmap&utm_medium=csv&utm_campaign=github&utm_term=apply","2024-09-11"
"BrandShield","Cybersecurity","m","Sales Administrator","Representative","הרצליה","https://il.linkedin.com/jobs/view/sales-administrator-at-brandshield-4023027671?utm_source=techmap&utm_medium=csv&utm_campaign=github&utm_term=apply","2024-09-11"
"Riverside.fm","AI/ML","l","Account Executive SMB Mid- Market-  Europe","Representative","תל אביב - יפו","https://www.comeet.com/jobs/riverside-fm/66.009/account-executive-smb-mid--market---europe/B3.144?utm_source=techmap&utm_medium=csv&utm_campaign=github&utm_term=apply","2024-08-13"
"XTEND","Aerospace","m","Sales Operations","Representative","רחובות","https://www.comeet.com/jobs/xtend/85.00A/sales-operations/7C.841?utm_source=techmap&utm_medium=csv&utm_campaign=github&utm_term=apply","2024-08-01"
"Riverside.fm","AI/ML","l","Sales Enablement Specialist","Representative","תל אביב - יפו","https://www.comeet.com/jobs/riverside-fm/66.009/sales-enablement-specialist/A9.442?utm_source=techmap&utm_medium=csv&utm_campaign=github&utm_term=apply","2024-03-24"
"Amobee","AdTech","l","Senior Account Executive, Total TV","Representative","תל אביב - יפו","https://nexxen.com/careers/careers-opportunities/?gh_jid=7667504002&utm_source=techmap&utm_medium=csv&utm_campaign=github&utm_term=apply",""
"CYE","Cybersecurity","m","SDR","Representative","הרצליה","https://jobs.lever.co/CYE/72693af5-1bec-4502-9f06-51b2adc4cad7?utm_source=techmap&utm_medium=csv&utm_campaign=github&utm_term=apply",""
"CYE","Cybersecurity","m","Technical Account Manager","Representative","הרצליה","https://jobs.lever.co/CYE/db7ab6ae-d411-4bb0-b51c-7169b80b222f?utm_source=techmap&utm_medium=csv&utm_campaign=github&utm_term=apply",""
"Digital Turbine","AdTech","xl","Brand Sales Director","Executive","פתח תקווה","https://jobs.lever.co/digitalturbine/66d4baa6-adcb-4080-bc40-48ecd29d9c51?utm_source=techmap&utm_medium=csv&utm_campaign=github&utm_term=apply",""
"JFrog","Cloud Computing","l","Experienced Business Development Representative","Representative","נתניה","https://join.jfrog.com/job/?job=6250311?gh_jid=6250311&utm_source=techmap&utm_medium=csv&utm_campaign=github&utm_term=apply",""
"JFrog","Cloud Computing","l","Salesforce Application Specialist","Representative","נתניה","https://join.jfrog.com/job/?job=6214608?gh_jid=6214608&utm_source=techmap&utm_medium=csv&utm_campaign=github&utm_term=apply",""
"SimilarWeb","Productivity","l","Account Manager, OEM","Representative","גבעתיים","http://www.similarweb.com/corp/jobs/?gh_jid=6317809&utm_source=techmap&utm_medium=csv&utm_campaign=github&utm_term=apply",""
"SimilarWeb","Productivity","l","Account Manager, Strategic Agencies","Representative","גבעתיים","http://www.similarweb.com/corp/jobs/?gh_jid=6143159&utm_source=techmap&utm_medium=csv&utm_campaign=github&utm_term=apply",""
"SimilarWeb","Productivity","l","Inbound Sales Development Representative - English Speaker","Representative","גבעתיים","http://www.similarweb.com/corp/jobs/?gh_jid=5097388&utm_source=techmap&utm_medium=csv&utm_campaign=github&utm_term=apply",""
"SimilarWeb","Productivity","l","Inbound Sales Development Representative - German Speaker","Representative","גבעתיים","http://www.similarweb.com/corp/jobs/?gh_jid=5713133&utm_source=techmap&utm_medium=csv&utm_campaign=github&utm_term=apply",""
"SimilarWeb","Productivity","l","Sales Manager (French Speaker)","Manager","גבעתיים","http://www.similarweb.com/corp/jobs/?gh_jid=5570773&utm_source=techmap&utm_medium=csv&utm_campaign=github&utm_term=apply",""
"SimilarWeb","Productivity","l","Sales Manager, Enterprise","Manager","גבעתיים","http://www.similarweb.com/corp/jobs/?gh_jid=6140865&utm_source=techmap&utm_medium=csv&utm_campaign=github&utm_term=apply",""
"SimilarWeb","Productivity","l","Sales Manager, OEM (Data Partnership)","Manager","גבעתיים","http://www.similarweb.com/corp/jobs/?gh_jid=5581779&utm_source=techmap&utm_medium=csv&utm_campaign=github&utm_term=apply",""
"SimilarWeb","Productivity","l","Senior Account Manager, Enterprise","Representative","גבעתיים","http://www.similarweb.com/corp/jobs/?gh_jid=5595290&utm_source=techmap&utm_medium=csv&utm_campaign=github&utm_term=apply",""
"SimilarWeb","Productivity","l","Senior Sales Strategy Manager","Manager","גבעתיים","http://www.similarweb.com/corp/jobs/?gh_jid=6113984&utm_source=techmap&utm_medium=csv&utm_campaign=github&utm_term=apply",""
"Taboola","AdTech","l","Advertiser Account Manager, Israel International","Representative","רמת גן","https://www.taboola.com/careers/job/6310932?gh_jid=6310932&utm_source=techmap&utm_medium=csv&utm_campaign=github&utm_term=apply",""
"Taboola","AdTech","l","Advertising Sales Manager, CEE- **Relocation to the UK**","Manager","רמת גן","https://www.taboola.com/careers/job/6282233?gh_jid=6282233&utm_source=techmap&utm_medium=csv&utm_campaign=github&utm_term=apply",""
"Verifone","Telecommunications","l","D2M Sales Account Manager","Representative","ראש העין","https://ats.comparably.com/api/v2/verifone/post/6225954003?gh_jid=6225954003&utm_source=techmap&utm_medium=csv&utm_campaign=github&utm_term=apply",""
"ZoomInfo","AI/ML","xl","Experienced Salesforce Administrator","Representative","רעננה","https://www.zoominfo.com/about/careers?gh_jid=7676882002&utm_source=techmap&utm_medium=csv&utm_campaign=github&utm_term=apply",""